-- phpMyAdmin SQL Dump
-- version 4.0.9
-- http://www.phpmyadmin.net
--
-- Host: 127.0.0.1
-- Generation Time: Dec 16, 2015 at 02:20 AM
-- Server version: 5.6.14
-- PHP Version: 5.5.6

SET SQL_MODE = "NO_AUTO_VALUE_ON_ZERO";
SET time_zone = "+00:00";


/*!40101 SET @OLD_CHARACTER_SET_CLIENT=@@CHARACTER_SET_CLIENT */;
/*!40101 SET @OLD_CHARACTER_SET_RESULTS=@@CHARACTER_SET_RESULTS */;
/*!40101 SET @OLD_COLLATION_CONNECTION=@@COLLATION_CONNECTION */;
/*!40101 SET NAMES utf8 */;

--
-- Database: `bluesms_master`
--

-- --------------------------------------------------------

--
-- Table structure for table `contact`
--

CREATE TABLE IF NOT EXISTS `contact` (
  `contact_id` int(11) NOT NULL AUTO_INCREMENT,
  `category_id` int(11) NOT NULL,
  `contact_ho` varchar(50) CHARACTER SET utf8 NOT NULL,
  `contact_ten` varchar(50) CHARACTER SET utf8 NOT NULL,
  `contact_phone` varchar(15) NOT NULL,
  `contact_birthday` date NOT NULL,
  `contact_gender` varchar(255) CHARACTER SET utf8 COLLATE utf8_unicode_ci NOT NULL,
  `contact_address` varchar(255) CHARACTER SET utf8 NOT NULL,
  `contact_email` varchar(100) CHARACTER SET utf8 NOT NULL,
  `contact_company` varchar(255) CHARACTER SET utf8 NOT NULL,
  `contact_notes` varchar(255) CHARACTER SET utf8 NOT NULL,
  `member_createby` int(11) NOT NULL,
  PRIMARY KEY (`contact_id`)
) ENGINE=InnoDB  DEFAULT CHARSET=latin1 AUTO_INCREMENT=104 ;

--
-- Dumping data for table `contact`
--

INSERT INTO `contact` (`contact_id`, `category_id`, `contact_ho`, `contact_ten`, `contact_phone`, `contact_birthday`, `contact_gender`, `contact_address`, `contact_email`, `contact_company`, `contact_notes`, `member_createby`) VALUES
(58, 28, '', 'Nguyen Tuan', '0908975286', '1988-03-26', 'Nam', '77-79 Hai Ba Trung Ho Chi Minh', 'abc@gmail.com', 'Southtelecom', '', 0),
(59, 28, '', 'Nguyen Trang Hồng', '01258164231', '1989-03-27', 'Nữ', 'Huynh Thuc Khang Ha Noi', 'cde@yahoo.com', 'Southtelecom', '', 0),
(66, 28, '', 'Nguyen Tuan And', '0908975286', '1988-03-26', 'Nam', '77-79 Hai Ba Trung Ho Chi Minh', 'abc@gmail.com', 'Southtelecom', '', 0),
(67, 28, '', 'Nguyen Trang Thinh', '01258164231', '1989-03-27', 'Nữ', 'Huynh Thuc Khang Ha Noi', 'cde@yahoo.com', 'Southtelecom', '', 0),
(68, 28, '', 'Hoang Minh Thu', '0908975286', '1988-03-26', 'Nam', '77-79 Hai Ba Trung Ho Chi Minh', 'abc@gmail.com', 'Southtelecom', '', 0),
(96, 29, '', 'Nguyen Thong', '0908975286', '0000-00-00', 'Nam', '77-79 Hai Ba Trung Ho Chi Minh', 'abc@gmail.com', 'Southtelecom', '', 1),
(97, 29, '', 'Nguyen Nhu', '01258164231', '0000-00-00', 'Nữ', 'Huynh Thuc Khang Ha Noi', 'cde@yahoo.com', 'Southtelecom', '', 1),
(98, 28, 'Nguyen', 'Tuan', '0908975286', '0000-00-00', 'Nam', '77-79 Hai Ba Trung Ho Chi Minh', 'abc@gmail.com', 'Southtelecom', '', 1),
(99, 28, 'Nguyen', 'Trang', '01258164231', '0000-00-00', 'Nữ', 'Huynh Thuc Khang Ha Noi', 'cde@yahoo.com', 'Southtelecom', '', 1),
(100, 28, 'Nguyen', 'Thong dep trai', '', '0000-00-00', '', ' ', '', '', '', 1),
(101, 30, 'Nguyen', 'Tuan', '0908975286', '0000-00-00', 'Nam', '77-79 Hai Ba Trung Ho Chi Minh', 'abc@gmail.com', 'Southtelecom', '', 1),
(102, 30, 'Nguyen', 'Trang', '01258164231', '0000-00-00', 'Nữ', 'Huynh Thuc Khang Ha Noi', 'cde@yahoo.com', 'Southtelecom', '', 1),
(103, 30, 'Nguyen', 'Thong dep trai', '', '0000-00-00', '', ' ', '', '', '', 1);

-- --------------------------------------------------------

--
-- Table structure for table `contact_categorie`
--

CREATE TABLE IF NOT EXISTS `contact_categorie` (
  `category_id` int(11) NOT NULL AUTO_INCREMENT,
  `category_name` varchar(255) CHARACTER SET utf8 NOT NULL,
  `category_createby` int(11) NOT NULL,
  `category_status` int(1) NOT NULL,
  PRIMARY KEY (`category_id`)
) ENGINE=InnoDB  DEFAULT CHARSET=latin1 AUTO_INCREMENT=31 ;

--
-- Dumping data for table `contact_categorie`
--

INSERT INTO `contact_categorie` (`category_id`, `category_name`, `category_createby`, `category_status`) VALUES
(28, 'Khách hàng VIP', 1, 0),
(29, 'Công ty Sơn Lâm', 1, 0),
(30, 'test', 0, 0);

-- --------------------------------------------------------

--
-- Table structure for table `history_contact`
--

CREATE TABLE IF NOT EXISTS `history_contact` (
  `history_contact_id` int(11) NOT NULL AUTO_INCREMENT,
  `history_id` int(11) NOT NULL,
  `contact_id` int(11) NOT NULL,
  `history_contact_ho` varchar(50) CHARACTER SET utf8 NOT NULL,
  `history_contact_ten` varchar(50) CHARACTER SET utf8 NOT NULL,
  `history_contact_phone` int(15) NOT NULL,
  `history_contact_birthday` date NOT NULL,
  `history_contact_gender` int(1) NOT NULL,
  `history_contact_address` varchar(255) CHARACTER SET utf8 NOT NULL,
  `history_contact_email` varchar(100) CHARACTER SET utf8 NOT NULL,
  `history_contact_company` varchar(255) CHARACTER SET utf8 NOT NULL,
  `history_contact_notes` varchar(255) CHARACTER SET utf8 NOT NULL,
  `history_contact_status` int(1) NOT NULL,
  `history_content` text NOT NULL,
  `history_contact_sms` text NOT NULL,
  `content_number` int(11) NOT NULL,
  PRIMARY KEY (`history_contact_id`)
) ENGINE=InnoDB  DEFAULT CHARSET=latin1 AUTO_INCREMENT=9 ;

--
-- Dumping data for table `history_contact`
--

INSERT INTO `history_contact` (`history_contact_id`, `history_id`, `contact_id`, `history_contact_ho`, `history_contact_ten`, `history_contact_phone`, `history_contact_birthday`, `history_contact_gender`, `history_contact_address`, `history_contact_email`, `history_contact_company`, `history_contact_notes`, `history_contact_status`, `history_content`, `history_contact_sms`, `content_number`) VALUES
(1, 9, 0, '', 'Nguyen Trang', 2147483647, '1989-03-27', 0, 'Huynh Thuc Khang Ha Noi', 'cde@yahoo.com', 'Southtelecom', '', 0, 'Chuc Nguyen Trang ngay moi vui ve. Duc Anh_South Telecom 0948010708', '', 1),
(2, 9, 0, '', 'Nguyen Tuan', 908975286, '1988-03-26', 0, '77-79 Hai Ba Trung Ho Chi Minh', 'abc@gmail.com', 'Southtelecom', '', 0, 'Chuc Nguyen Tuan ngay moi vui ve. Duc Anh_South Telecom 0948010708', '', 1),
(3, 9, 0, '', 'Nguyen Trang Hồng', 1258164231, '1989-03-27', 0, 'Huynh Thuc Khang Ha Noi', 'cde@yahoo.com', 'Southtelecom', '', 0, 'Chuc Nguyen Trang H?ng ngay moi vui ve. Duc Anh_South Telecom 0948010708', '', 1),
(4, 9, 0, '', 'Nguyen Tuan And', 908975286, '1988-03-26', 0, '77-79 Hai Ba Trung Ho Chi Minh', 'abc@gmail.com', 'Southtelecom', '', 0, 'Chuc Nguyen Tuan And ngay moi vui ve. Duc Anh_South Telecom 0948010708', '', 1),
(5, 9, 0, '', 'Nguyen Trang Thinh', 1258164231, '1989-03-27', 0, 'Huynh Thuc Khang Ha Noi', 'cde@yahoo.com', 'Southtelecom', '', 0, 'Chuc Nguyen Trang Thinh ngay moi vui ve. Duc Anh_South Telecom 0948010708', '', 1),
(6, 9, 0, '', 'Hoang Minh Thu', 908975286, '1988-03-26', 0, '77-79 Hai Ba Trung Ho Chi Minh', 'abc@gmail.com', 'Southtelecom', '', 0, 'Chuc Hoang Minh Thu ngay moi vui ve. Duc Anh_South Telecom 0948010708', '', 1),
(7, 9, 0, '', 'Nguyen Tuan', 908975286, '0000-00-00', 0, '77-79 Hai Ba Trung Ho Chi Minh', 'abc@gmail.com', 'Southtelecom', '', 0, 'Chuc Nguyen Tuan ngay moi vui ve. Duc Anh_South Telecom 0948010708', '', 1),
(8, 9, 0, '', 'Nguyen Trang', 1258164231, '0000-00-00', 0, 'Huynh Thuc Khang Ha Noi', 'cde@yahoo.com', 'Southtelecom', '', 0, 'Chuc Nguyen Trang ngay moi vui ve. Duc Anh_South Telecom 0948010708', '', 1);

-- --------------------------------------------------------

--
-- Table structure for table `history_sms`
--

CREATE TABLE IF NOT EXISTS `history_sms` (
  `history_id` int(11) NOT NULL AUTO_INCREMENT,
  `history_campaingname` varchar(100) CHARACTER SET utf8 NOT NULL,
  `history_brand_id` varchar(3) CHARACTER SET utf8 NOT NULL,
  `history_startdate` datetime NOT NULL,
  `history_status` int(1) NOT NULL,
  `history_total` int(11) NOT NULL,
  `history_notes` varchar(255) CHARACTER SET utf8 NOT NULL,
  `history_type` varchar(100) CHARACTER SET utf8 NOT NULL,
  `history_mobile` varchar(100) CHARACTER SET utf8 NOT NULL,
  `member_createby` int(11) NOT NULL,
  `history_createdate` datetime NOT NULL,
  PRIMARY KEY (`history_id`)
) ENGINE=InnoDB  DEFAULT CHARSET=latin1 AUTO_INCREMENT=11 ;

--
-- Dumping data for table `history_sms`
--

INSERT INTO `history_sms` (`history_id`, `history_campaingname`, `history_brand_id`, `history_startdate`, `history_status`, `history_total`, `history_notes`, `history_type`, `history_mobile`, `member_createby`, `history_createdate`) VALUES
(9, 'size', '1', '2015-12-15 02:49:48', 0, 8, '', '', '', 1, '0000-00-00 00:00:00');

-- --------------------------------------------------------

--
-- Table structure for table `pr_members`
--

CREATE TABLE IF NOT EXISTS `pr_members` (
  `pr_primary_key` int(11) NOT NULL AUTO_INCREMENT,
  `pr_roles_id` int(11) NOT NULL,
  `pr_username` varchar(50) NOT NULL,
  `pr_member_email` varchar(255) NOT NULL,
  `pr_member_password` varchar(255) NOT NULL,
  `pr_member_status` int(1) NOT NULL,
  `pr_member_rand_key` varchar(255) NOT NULL,
  `pr_member_data_register` datetime NOT NULL,
  `pr_member_active` int(11) NOT NULL,
  PRIMARY KEY (`pr_primary_key`)
) ENGINE=InnoDB  DEFAULT CHARSET=latin1 AUTO_INCREMENT=3 ;

--
-- Dumping data for table `pr_members`
--

INSERT INTO `pr_members` (`pr_primary_key`, `pr_roles_id`, `pr_username`, `pr_member_email`, `pr_member_password`, `pr_member_status`, `pr_member_rand_key`, `pr_member_data_register`, `pr_member_active`) VALUES
(1, 1, 'admin', 'admin@gmail.com', '3993744c05ea89d0c936d438cc1feae56f800062a895b725fc1836d36dd0e1c5', 1, 'cf10631498c7ff8e5434e0afd8dd8d65848e5090a0f44436c476e66eff1ca622', '2014-06-15 00:00:00', 1),
(2, 2, 'admin133', 'admin123@gmial.com', '3993744c05ea89d0c936d438cc1feae56f800062a895b725fc1836d36dd0e1c5', 1, '3447fca67f45a8bb72a2fee628a54b5318b3f1ef10f782a2bbaaf461cf1ea6c5', '2015-05-22 00:00:00', 0);

-- --------------------------------------------------------

--
-- Table structure for table `pr_member_profile`
--

CREATE TABLE IF NOT EXISTS `pr_member_profile` (
  `pr_primary_key` int(11) NOT NULL AUTO_INCREMENT,
  `pr_member_id` int(11) NOT NULL,
  `pr_member_profile_surname` varchar(100) CHARACTER SET utf8 COLLATE utf8_unicode_ci NOT NULL,
  `pr_member_profile_given_name` varchar(100) CHARACTER SET utf8 COLLATE utf8_unicode_ci NOT NULL,
  `pr_member_profile_display_name` varchar(100) CHARACTER SET utf8 COLLATE utf8_unicode_ci NOT NULL,
  `pr_member_profile_phone` varchar(20) CHARACTER SET utf8 COLLATE utf8_unicode_ci NOT NULL,
  `pr_member_profile_address` varchar(255) CHARACTER SET utf8 COLLATE utf8_unicode_ci NOT NULL,
  `pr_member_profile_images` varchar(255) CHARACTER SET utf8 COLLATE utf8_unicode_ci NOT NULL,
  `pr_member_profile_date` datetime NOT NULL,
  PRIMARY KEY (`pr_primary_key`)
) ENGINE=InnoDB  DEFAULT CHARSET=latin1 AUTO_INCREMENT=3 ;

--
-- Dumping data for table `pr_member_profile`
--

INSERT INTO `pr_member_profile` (`pr_primary_key`, `pr_member_id`, `pr_member_profile_surname`, `pr_member_profile_given_name`, `pr_member_profile_display_name`, `pr_member_profile_phone`, `pr_member_profile_address`, `pr_member_profile_images`, `pr_member_profile_date`) VALUES
(1, 1, '', '', 'Administrator', '123', '', '/uploads/1437905601-man-city.jpg', '2015-01-01 00:00:00'),
(2, 2, '', '', 'Nguyen Văn Thông', '', '', '/images/no-user.png', '0000-00-00 00:00:00');

-- --------------------------------------------------------

--
-- Table structure for table `pr_roles`
--

CREATE TABLE IF NOT EXISTS `pr_roles` (
  `pr_primary_key` int(11) NOT NULL AUTO_INCREMENT,
  `pr_roles_name` varchar(100) CHARACTER SET utf8 COLLATE utf8_unicode_ci NOT NULL,
  `pr_roles_description` varchar(255) CHARACTER SET utf8 COLLATE utf8_unicode_ci NOT NULL,
  `pr_roles_status` int(1) NOT NULL,
  PRIMARY KEY (`pr_primary_key`)
) ENGINE=InnoDB  DEFAULT CHARSET=latin1 AUTO_INCREMENT=4 ;

--
-- Dumping data for table `pr_roles`
--

INSERT INTO `pr_roles` (`pr_primary_key`, `pr_roles_name`, `pr_roles_description`, `pr_roles_status`) VALUES
(1, 'Quản lý', '', 1),
(2, 'Thành viên', '', 1),
(3, 'Thành viên', '', 1);

-- --------------------------------------------------------

--
-- Table structure for table `pr_system_value_key`
--

CREATE TABLE IF NOT EXISTS `pr_system_value_key` (
  `pr_primary_key` int(11) NOT NULL AUTO_INCREMENT,
  `pr_system_title` varchar(100) CHARACTER SET utf8 COLLATE utf8_unicode_ci NOT NULL,
  `pr_system_value_key` varchar(255) CHARACTER SET utf8 COLLATE utf8_unicode_ci NOT NULL,
  PRIMARY KEY (`pr_primary_key`)
) ENGINE=InnoDB  DEFAULT CHARSET=latin1 AUTO_INCREMENT=5 ;

--
-- Dumping data for table `pr_system_value_key`
--

INSERT INTO `pr_system_value_key` (`pr_primary_key`, `pr_system_title`, `pr_system_value_key`) VALUES
(3, 'Brandname', '1|HTH\n2|VNX'),
(4, 'SmsType', '0|Chọn kiểu tin nhắn\n1|Tin nhắn chăn sóc khách hàng\n2|Tin nhắn quản cáo');

-- --------------------------------------------------------

--
-- Table structure for table `template_sms`
--

CREATE TABLE IF NOT EXISTS `template_sms` (
  `template_id` int(11) NOT NULL AUTO_INCREMENT,
  `template_name` varchar(255) CHARACTER SET utf8 NOT NULL,
  `template_content` text CHARACTER SET utf8 NOT NULL,
  `template_date` datetime NOT NULL,
  `template_createby` int(11) NOT NULL,
  PRIMARY KEY (`template_id`)
) ENGINE=InnoDB  DEFAULT CHARSET=latin1 AUTO_INCREMENT=8 ;

--
-- Dumping data for table `template_sms`
--

INSERT INTO `template_sms` (`template_id`, `template_name`, `template_content`, `template_date`, `template_createby`) VALUES
(2, 'Chúc mừng ngày mới', 'Chuc $ten$ ngay moi vui ve. Duc Anh_South Telecom 0948010708', '2015-12-11 09:50:10', 1),
(6, 'Chúc mứng sinh nhật', 'chuc mung sinh nhat $ten$. chuc anh sinh lan thu $tuoi$ ', '2015-12-14 22:28:44', 1),
(7, 'test', 'Tôi họ $ho$ tên là $ten$ Tuổi $tuoi$', '2015-12-15 23:48:12', 1);

-- --------------------------------------------------------

--
-- Table structure for table `yiisession`
--

CREATE TABLE IF NOT EXISTS `yiisession` (
  `id` char(32) NOT NULL,
  `expire` int(11) DEFAULT NULL,
  `data` longblob,
  PRIMARY KEY (`id`)
) ENGINE=InnoDB DEFAULT CHARSET=latin1;

--
-- Dumping data for table `yiisession`
--

INSERT INTO `yiisession` (`id`, `expire`, `data`) VALUES
('0i3cnpcb9ak9gtqt9vhsb0onb4', 1471839826, 0x65363233363933613164356565636633316566663165613139633965643336345f5f72657475726e55726c7c733a34393a222f626c7565736d732d6d61737465722f696e6465782e7068702f636f6e7461637443617465676f7269652f637265617465223b),
('0tojt35fpfavov0dhrusutc7t6', 1471974953, 0x6769695f5f72657475726e55726c7c733a31393a222f626c7565736d732d6d61737465722f676969223b6769695f5f69647c733a353a227969696572223b6769695f5f6e616d657c733a353a227969696572223b6769695f5f7374617465737c613a303a7b7d33373138656535373565373338363936326539633461303834303439353535375f5f72657475726e55726c7c733a34383a222f626c7565736d732d6d61737465722f696e6465782e7068702f636f6e7461637443617465676f7269652f61646d696e223b33373138656535373565373338363936326539633461303834303439353535375f5f69647c733a313a2231223b33373138656535373565373338363936326539633461303834303439353535375f5f6e616d657c733a353a2261646d696e223b33373138656535373565373338363936326539633461303834303439353535375f5f7374617465737c613a303a7b7d),
('14ovvtfcl5qd0rhra6srjh0g23', 1471832651, 0x65363233363933613164356565636633316566663165613139633965643336345f5f72657475726e55726c7c733a34393a222f626c7565736d732d6d61737465722f696e6465782e7068702f636f6e7461637443617465676f7269652f637265617465223b65363233363933613164356565636633316566663165613139633965643336345f5f69647c733a313a2231223b65363233363933613164356565636633316566663165613139633965643336345f5f6e616d657c733a353a2261646d696e223b65363233363933613164356565636633316566663165613139633965643336345f5f7374617465737c613a303a7b7d),
('1so12cuaqcrtv3chi1eoor8t66', 1472054275, 0x33373138656535373565373338363936326539633461303834303439353535375f5f72657475726e55726c7c733a34303a222f626c7565736d732d6d61737465722f696e6465782e7068702f486973746f72792f437265617465223b33373138656535373565373338363936326539633461303834303439353535375f5f69647c733a313a2231223b33373138656535373565373338363936326539633461303834303439353535375f5f6e616d657c733a353a2261646d696e223b33373138656535373565373338363936326539633461303834303439353535375f5f7374617465737c613a303a7b7d),
('28ju5510hks8e9ttotve3qmve6', 1472135329, 0x33373138656535373565373338363936326539633461303834303439353535375f5f72657475726e55726c7c733a34303a222f626c7565736d732d6d61737465722f696e6465782e7068702f486973746f72792f437265617465223b33373138656535373565373338363936326539633461303834303439353535375f5f69647c733a313a2231223b33373138656535373565373338363936326539633461303834303439353535375f5f6e616d657c733a353a2261646d696e223b33373138656535373565373338363936326539633461303834303439353535375f5f7374617465737c613a303a7b7d),
('2a4gqd53t2iuie398e2dovsce3', 1472151774, 0x33373138656535373565373338363936326539633461303834303439353535375f5f69647c733a313a2231223b33373138656535373565373338363936326539633461303834303439353535375f5f6e616d657c733a353a2261646d696e223b33373138656535373565373338363936326539633461303834303439353535375f5f7374617465737c613a303a7b7d),
('2qnicb290glarpp71vd5lrhap3', 1472149252, 0x33373138656535373565373338363936326539633461303834303439353535375f5f72657475726e55726c7c733a34363a222f626c7565736d732d6d61737465722f696e6465782e7068702f74656d706c617465736d732f7570646174652f32223b33373138656535373565373338363936326539633461303834303439353535375f5f69647c733a313a2231223b33373138656535373565373338363936326539633461303834303439353535375f5f6e616d657c733a353a2261646d696e223b33373138656535373565373338363936326539633461303834303439353535375f5f7374617465737c613a303a7b7d),
('6l4plash5m4nlp9vfsutm98te0', 1472047845, 0x33373138656535373565373338363936326539633461303834303439353535375f5f72657475726e55726c7c733a34383a222f626c7565736d732d6d61737465722f696e6465782e7068702f636f6e7461637443617465676f7269652f61646d696e223b33373138656535373565373338363936326539633461303834303439353535375f5f69647c733a313a2231223b33373138656535373565373338363936326539633461303834303439353535375f5f6e616d657c733a353a2261646d696e223b33373138656535373565373338363936326539633461303834303439353535375f5f7374617465737c613a303a7b7d),
('8ftdu5mb3or6t2d37rqo2002k7', 1472151838, 0x33373138656535373565373338363936326539633461303834303439353535375f5f72657475726e55726c7c733a33353a222f626c7565736d732d6d61737465722f696e6465782e7068702f707253797374656d73223b33373138656535373565373338363936326539633461303834303439353535375f5f69647c733a313a2231223b33373138656535373565373338363936326539633461303834303439353535375f5f6e616d657c733a353a2261646d696e223b33373138656535373565373338363936326539633461303834303439353535375f5f7374617465737c613a303a7b7d),
('al28ii5m1iq91m18a6d8a1k9n3', 1472152608, 0x33373138656535373565373338363936326539633461303834303439353535375f5f72657475726e55726c7c733a34383a222f626c7565736d732d6d61737465722f696e6465782e7068702f636f6e7461637443617465676f7269652f61646d696e223b33373138656535373565373338363936326539633461303834303439353535375f5f69647c733a313a2231223b33373138656535373565373338363936326539633461303834303439353535375f5f6e616d657c733a353a2261646d696e223b33373138656535373565373338363936326539633461303834303439353535375f5f7374617465737c613a303a7b7d),
('c7dfg7ve035qb8j8gnbtiim3i6', 1471848383, 0x65363233363933613164356565636633316566663165613139633965643336345f5f72657475726e55726c7c733a34393a222f626c7565736d732d6d61737465722f696e6465782e7068702f636f6e7461637443617465676f7269652f637265617465223b),
('cq6000aiq6ohfiuatv0g63dh65', 1471622250, 0x33613836336433653765306231636164616639633061393132613234333532345f5f72657475726e55726c7c733a34373a222f626c7565736d732f4d656d626572732f64656661756c742f757064617465496e666f726d6174696f6e2f69642f31223b33613836336433653765306231636164616639633061393132613234333532345f5f69647c733a313a2231223b33613836336433653765306231636164616639633061393132613234333532345f5f6e616d657c733a353a2261646d696e223b33613836336433653765306231636164616639633061393132613234333532345f5f7374617465737c613a303a7b7d),
('d9b71m5n41gdet891vlq574i93', 1472152725, 0x33373138656535373565373338363936326539633461303834303439353535375f5f69647c733a313a2232223b33373138656535373565373338363936326539633461303834303439353535375f5f6e616d657c733a383a2261646d696e313333223b33373138656535373565373338363936326539633461303834303439353535375f5f7374617465737c613a303a7b7d),
('efasf80fc8nmih7a3ekji73nt3', 1471885130, 0x33373138656535373565373338363936326539633461303834303439353535375f5f72657475726e55726c7c733a34383a222f626c7565736d732d6d61737465722f696e6465782e7068702f636f6e7461637443617465676f7269652f61646d696e223b33373138656535373565373338363936326539633461303834303439353535375f5f69647c733a313a2231223b33373138656535373565373338363936326539633461303834303439353535375f5f6e616d657c733a353a2261646d696e223b33373138656535373565373338363936326539633461303834303439353535375f5f7374617465737c613a303a7b7d),
('fnl2vosvlbvjh0ss8aon18cp51', 1471623320, ''),
('h90qiebk2mc9i2j453ma7g5sa1', 1471832485, 0x65363233363933613164356565636633316566663165613139633965643336345f5f72657475726e55726c7c733a34343a222f626c7565736d732d6d61737465722f696e6465782e7068702f74656d706c617465536d732f637265617465223b65363233363933613164356565636633316566663165613139633965643336345f5f69647c733a313a2231223b65363233363933613164356565636633316566663165613139633965643336345f5f6e616d657c733a353a2261646d696e223b65363233363933613164356565636633316566663165613139633965643336345f5f7374617465737c613a303a7b7d),
('hopuss81h2tuf49m8nr42ud2g4', 1471942890, 0x33373138656535373565373338363936326539633461303834303439353535375f5f72657475726e55726c7c733a34383a222f626c7565736d732d6d61737465722f696e6465782e7068702f636f6e7461637443617465676f7269652f61646d696e223b33373138656535373565373338363936326539633461303834303439353535375f5f69647c733a313a2231223b33373138656535373565373338363936326539633461303834303439353535375f5f6e616d657c733a353a2261646d696e223b33373138656535373565373338363936326539633461303834303439353535375f5f7374617465737c613a303a7b7d),
('i3fids4jhbjga784fev37jf666', 1471761121, 0x65363233363933613164356565636633316566663165613139633965643336345f5f72657475726e55726c7c733a33333a222f626c7565736d732d6d61737465722f696e6465782e7068702f4d656d62657273223b65363233363933613164356565636633316566663165613139633965643336345f5f69647c733a313a2231223b65363233363933613164356565636633316566663165613139633965643336345f5f6e616d657c733a353a2261646d696e223b65363233363933613164356565636633316566663165613139633965643336345f5f7374617465737c613a303a7b7d),
('i6o5ufl7deusi988heqlk2efa2', 1471721047, 0x33613836336433653765306231636164616639633061393132613234333532345f5f72657475726e55726c7c733a31363a222f626c7565736d732f4d656d62657273223b33613836336433653765306231636164616639633061393132613234333532345f5f69647c733a313a2231223b33613836336433653765306231636164616639633061393132613234333532345f5f6e616d657c733a353a2261646d696e223b33613836336433653765306231636164616639633061393132613234333532345f5f7374617465737c613a303a7b7d6769695f5f72657475726e55726c7c733a31323a222f626c7565736d732f676969223b6769695f5f69647c733a353a227969696572223b6769695f5f6e616d657c733a353a227969696572223b6769695f5f7374617465737c613a303a7b7d),
('inafvfs7qkkg9vnaeqnv5kb1q3', 1472140187, ''),
('kifk81jq9geqbnov07fc3lfur4', 1471981699, 0x33373138656535373565373338363936326539633461303834303439353535375f5f72657475726e55726c7c733a34383a222f626c7565736d732d6d61737465722f696e6465782e7068702f636f6e7461637443617465676f7269652f61646d696e223b33373138656535373565373338363936326539633461303834303439353535375f5f69647c733a313a2231223b33373138656535373565373338363936326539633461303834303439353535375f5f6e616d657c733a353a2261646d696e223b33373138656535373565373338363936326539633461303834303439353535375f5f7374617465737c613a303a7b7d),
('pnl7qg9d6f2hpkf9tpiff4dk96', 1472140187, 0x33373138656535373565373338363936326539633461303834303439353535375f5f72657475726e55726c7c733a34303a222f626c7565736d732d6d61737465722f696e6465782e7068702f486973746f72792f437265617465223b),
('s5rfd49scb7d19f3b1uv1hq8t6', 1471853032, 0x65363233363933613164356565636633316566663165613139633965643336345f5f72657475726e55726c7c733a34393a222f626c7565736d732d6d61737465722f696e6465782e7068702f636f6e7461637443617465676f7269652f637265617465223b65363233363933613164356565636633316566663165613139633965643336345f5f69647c733a313a2231223b65363233363933613164356565636633316566663165613139633965643336345f5f6e616d657c733a353a2261646d696e223b65363233363933613164356565636633316566663165613139633965643336345f5f7374617465737c613a303a7b7d),
('so3aglj4t3mm7f74l5afkdq3g7', 1471622824, 0x33613836336433653765306231636164616639633061393132613234333532345f5f72657475726e55726c7c733a31363a222f626c7565736d732f4d656d62657273223b33613836336433653765306231636164616639633061393132613234333532345f5f69647c733a313a2231223b33613836336433653765306231636164616639633061393132613234333532345f5f6e616d657c733a353a2261646d696e223b33613836336433653765306231636164616639633061393132613234333532345f5f7374617465737c613a303a7b7d),
('vvmreo35lan9mdpvhvooah4fr3', 1471623320, 0x33613836336433653765306231636164616639633061393132613234333532345f5f72657475726e55726c7c733a33343a222f626c7565736d732f4d656d626572732f64656661756c742f766965772f69642f31223b);

/*!40101 SET CHARACTER_SET_CLIENT=@OLD_CHARACTER_SET_CLIENT */;
/*!40101 SET CHARACTER_SET_RESULTS=@OLD_CHARACTER_SET_RESULTS */;
/*!40101 SET COLLATION_CONNECTION=@OLD_COLLATION_CONNECTION */;
